ondas;tests/img_generadas/black.1024x1024.bmp;32;100;54146427333;541464320.000;0;
ondas;tests/img_generadas/black.1024x1024.bmp;32;100;54323821710;543238208.000;0;
ondas;tests/img_generadas/black.1024x1024.bmp;32;100;53842911264;538429120.000;0;
ondas;tests/img_generadas/black.1024x1024.bmp;32;100;53788858542;537888576.000;0;
ondas;tests/img_generadas/black.1024x1024.bmp;32;100;53719348882;537193472.000;0;
ondas;tests/img_generadas/black.1024x1024.bmp;32;100;55847899549;558478976.000;0;
ondas;tests/img_generadas/black.1024x1024.bmp;32;100;53842754052;538427584.000;0;
ondas;tests/img_generadas/black.1024x1024.bmp;32;100;53720536812;537205376.000;0;
ondas;tests/img_generadas/black.1024x1024.bmp;32;100;54788438919;547884416.000;0;
ondas;tests/img_generadas/black.1024x1024.bmp;32;100;59105490089;591054912.000;0;
ondas;tests/img_generadas/black.1024x1024.bmp;32;100;60448163489;604481600.000;0;
ondas;tests/img_generadas/black.1024x1024.bmp;32;100;59627928610;596279296.000;0;
ondas;tests/img_generadas/black.1024x1024.bmp;32;100;53758802560;537588032.000;0;
ondas;tests/img_generadas/black.1024x1024.bmp;32;100;53907748035;539077440.000;0;
ondas;tests/img_generadas/black.1024x1024.bmp;32;100;54145055913;541450560.000;0;
ondas;tests/img_generadas/black.1024x1024.bmp;32;100;53755384872;537553856.000;0;
ondas;tests/img_generadas/black.1024x1024.bmp;32;100;53970019030;539700160.000;0;
ondas;tests/img_generadas/black.1024x1024.bmp;32;100;54438077862;544380736.000;0;
ondas;tests/img_generadas/black.1024x1024.bmp;32;100;55477061746;554770624.000;0;
ondas;tests/img_generadas/black.1024x1024.bmp;32;100;53866930046;538669312.000;0;
ondas;tests/img_generadas/black.1024x1024.bmp;32;100;53786339525;537863424.000;0;
ondas;tests/img_generadas/black.1024x1024.bmp;32;100;54655812756;546558144.000;0;
ondas;tests/img_generadas/black.1024x1024.bmp;32;100;53800092903;538000896.000;0;
ondas;tests/img_generadas/black.1024x1024.bmp;32;100;54501522281;545015232.000;0;
ondas;tests/img_generadas/black.1024x1024.bmp;32;100;53996872924;539968704.000;0;
ondas;tests/img_generadas/black.1024x1024.bmp;32;100;54551476021;545514752.000;0;
ondas;tests/img_generadas/black.1024x1024.bmp;32;100;54625335747;546253376.000;0;
ondas;tests/img_generadas/black.1024x1024.bmp;32;100;54019318946;540193152.000;0;
ondas;tests/img_generadas/black.1024x1024.bmp;32;100;53784093372;537840896.000;0;
ondas;tests/img_generadas/black.1024x1024.bmp;32;100;53717931151;537179328.000;0;
ondas;tests/img_generadas/black.1024x1024.bmp;32;100;54107962512;541079616.000;0;
ondas;tests/img_generadas/black.1024x1024.bmp;32;100;55896876368;558968768.000;0;
ondas;tests/img_generadas/black.1024x1024.bmp;32;100;54170467870;541704704.000;0;
ondas;tests/img_generadas/black.1024x1024.bmp;32;100;53747042565;537470464.000;0;
ondas;tests/img_generadas/black.1024x1024.bmp;32;100;53806778094;538067776.000;0;
ondas;tests/img_generadas/black.1024x1024.bmp;32;100;54352098586;543520960.000;0;
ondas;tests/img_generadas/black.1024x1024.bmp;32;100;56292813450;562928128.000;0;
ondas;tests/img_generadas/black.1024x1024.bmp;32;100;53804735998;538047360.000;0;
ondas;tests/img_generadas/black.1024x1024.bmp;32;100;53837863931;538378624.000;0;
ondas;tests/img_generadas/black.1024x1024.bmp;32;100;54028191357;540281920.000;0;
ondas;tests/img_generadas/black.1024x1024.bmp;32;100;57335897262;573358976.000;0;
ondas;tests/img_generadas/black.1024x1024.bmp;32;100;54476424025;544764224.000;0;
ondas;tests/img_generadas/black.1024x1024.bmp;32;100;54044946644;540449472.000;0;
ondas;tests/img_generadas/black.1024x1024.bmp;32;100;56002201207;560022016.000;0;
ondas;tests/img_generadas/black.1024x1024.bmp;32;100;54420297255;544202944.000;0;
ondas;tests/img_generadas/black.1024x1024.bmp;32;100;53766241171;537662400.000;0;
ondas;tests/img_generadas/black.1024x1024.bmp;32;100;53761373446;537613696.000;0;
ondas;tests/img_generadas/black.1024x1024.bmp;32;100;54297389663;542973888.000;0;
ondas;tests/img_generadas/black.1024x1024.bmp;32;100;53855346504;538553472.000;0;
ondas;tests/img_generadas/black.1024x1024.bmp;32;100;53981804058;539818048.000;0;
ondas;tests/img_generadas/black.1024x1024.bmp;32;100;53909203972;539092032.000;0;
ondas;tests/img_generadas/black.1024x1024.bmp;32;100;53794602297;537946048.000;0;
ondas;tests/img_generadas/black.1024x1024.bmp;32;100;53825577261;538255744.000;0;
ondas;tests/img_generadas/black.1024x1024.bmp;32;100;53990713159;539907136.000;0;
ondas;tests/img_generadas/black.1024x1024.bmp;32;100;53973920440;539739200.000;0;
ondas;tests/img_generadas/black.1024x1024.bmp;32;100;53756457873;537564544.000;0;
ondas;tests/img_generadas/black.1024x1024.bmp;32;100;55324675535;553246784.000;0;
ondas;tests/img_generadas/black.1024x1024.bmp;32;100;53969610742;539696064.000;0;
ondas;tests/img_generadas/black.1024x1024.bmp;32;100;54036474392;540364736.000;0;
ondas;tests/img_generadas/black.1024x1024.bmp;32;100;53707139928;537071424.000;0;
ondas;tests/img_generadas/black.1024x1024.bmp;32;100;53818333733;538183360.000;0;
ondas;tests/img_generadas/black.1024x1024.bmp;32;100;54224310007;542243072.000;0;
ondas;tests/img_generadas/black.1024x1024.bmp;32;100;53740404260;537404032.000;0;
ondas;tests/img_generadas/black.1024x1024.bmp;32;100;54675986191;546759872.000;0;
ondas;tests/img_generadas/black.1024x1024.bmp;32;100;55063800007;550638016.000;0;
ondas;tests/img_generadas/black.1024x1024.bmp;32;100;53870689790;538706880.000;0;
ondas;tests/img_generadas/black.1024x1024.bmp;32;100;54241787750;542417856.000;0;
ondas;tests/img_generadas/black.1024x1024.bmp;32;100;53942149363;539421504.000;0;
ondas;tests/img_generadas/black.1024x1024.bmp;32;100;53950355332;539503552.000;0;
ondas;tests/img_generadas/black.1024x1024.bmp;32;100;53807090226;538070912.000;0;
ondas;tests/img_generadas/black.1024x1024.bmp;32;100;53736680772;537366784.000;0;
ondas;tests/img_generadas/black.1024x1024.bmp;32;100;53772044266;537720448.000;0;
ondas;tests/img_generadas/black.1024x1024.bmp;32;100;53773105086;537731008.000;0;
ondas;tests/img_generadas/black.1024x1024.bmp;32;100;53704216608;537042176.000;0;
ondas;tests/img_generadas/black.1024x1024.bmp;32;100;53773014346;537730112.000;0;
ondas;tests/img_generadas/black.1024x1024.bmp;32;100;53773687427;537736896.000;0;
ondas;tests/img_generadas/black.1024x1024.bmp;32;100;53812495604;538124928.000;0;
ondas;tests/img_generadas/black.1024x1024.bmp;32;100;53869573489;538695744.000;0;
ondas;tests/img_generadas/black.1024x1024.bmp;32;100;53763544955;537635456.000;0;
ondas;tests/img_generadas/black.1024x1024.bmp;32;100;53759712682;537597120.000;0;
ondas;tests/img_generadas/black.1024x1024.bmp;32;100;53808308618;538083072.000;0;
ondas;tests/img_generadas/black.1024x1024.bmp;32;100;53749718836;537497216.000;0;
ondas;tests/img_generadas/black.1024x1024.bmp;32;100;53751404044;537514048.000;0;
ondas;tests/img_generadas/black.1024x1024.bmp;32;100;53965432077;539654336.000;0;
ondas;tests/img_generadas/black.1024x1024.bmp;32;100;53937418093;539374208.000;0;
ondas;tests/img_generadas/black.1024x1024.bmp;32;100;53830890242;538308864.000;0;
ondas;tests/img_generadas/black.1024x1024.bmp;32;100;53711498982;537115008.000;0;
ondas;tests/img_generadas/black.1024x1024.bmp;32;100;53759963030;537599616.000;0;
ondas;tests/img_generadas/black.1024x1024.bmp;32;100;53771533894;537715328.000;0;
ondas;tests/img_generadas/black.1024x1024.bmp;32;100;53792907280;537929088.000;0;
ondas;tests/img_generadas/black.1024x1024.bmp;32;100;54290121941;542901184.000;0;
ondas;tests/img_generadas/black.1024x1024.bmp;32;100;54001839016;540018432.000;0;
ondas;tests/img_generadas/black.1024x1024.bmp;32;100;53748611570;537486144.000;0;
ondas;tests/img_generadas/black.1024x1024.bmp;32;100;53756036064;537560320.000;0;
ondas;tests/img_generadas/black.1024x1024.bmp;32;100;53763271139;537632704.000;0;
ondas;tests/img_generadas/black.1024x1024.bmp;32;100;53961340025;539613376.000;0;
ondas;tests/img_generadas/black.1024x1024.bmp;32;100;53770021110;537700224.000;0;
ondas;tests/img_generadas/black.1024x1024.bmp;32;100;53718070969;537180672.000;0;
ondas;tests/img_generadas/black.1024x1024.bmp;32;100;53777873791;537778752.000;0;
ondas;tests/img_generadas/black.1024x1024.bmp;32;100;53731056331;537310592.000;0;
ondas;tests/img_generadas/black.1024x1024.bmp;32;100;53804201672;538041984.000;0;
ondas;tests/img_generadas/black.1024x1024.bmp;32;100;53766678310;537666752.000;0;
ondas;tests/img_generadas/black.1024x1024.bmp;32;100;53744616222;537446144.000;0;
ondas;tests/img_generadas/black.1024x1024.bmp;32;100;53754007783;537540096.000;0;
ondas;tests/img_generadas/black.1024x1024.bmp;32;100;53748406699;537484096.000;0;
ondas;tests/img_generadas/black.1024x1024.bmp;32;100;53976281107;539762816.000;0;
ondas;tests/img_generadas/black.1024x1024.bmp;32;100;53752729519;537527296.000;0;
ondas;tests/img_generadas/black.1024x1024.bmp;32;100;53757034662;537570368.000;0;
ondas;tests/img_generadas/black.1024x1024.bmp;32;100;53778227629;537782272.000;0;
ondas;tests/img_generadas/black.1024x1024.bmp;32;100;53753544450;537535424.000;0;
ondas;tests/img_generadas/black.1024x1024.bmp;32;100;53787762613;537877632.000;0;
ondas;tests/img_generadas/black.1024x1024.bmp;32;100;53918365478;539183616.000;0;
ondas;tests/img_generadas/black.1024x1024.bmp;32;100;53716649202;537166464.000;0;
ondas;tests/img_generadas/black.1024x1024.bmp;32;100;53753665176;537536640.000;0;
ondas;tests/img_generadas/black.1024x1024.bmp;32;100;53731531272;537315328.000;0;
ondas;tests/img_generadas/black.1024x1024.bmp;32;100;53754563667;537545664.000;0;
ondas;tests/img_generadas/black.1024x1024.bmp;32;100;53730156870;537301568.000;0;
ondas;tests/img_generadas/black.1024x1024.bmp;32;100;53841196589;538411968.000;0;
ondas;tests/img_generadas/black.1024x1024.bmp;32;100;53759610388;537596096.000;0;
ondas;tests/img_generadas/black.1024x1024.bmp;32;100;54479163411;544791616.000;0;
ondas;tests/img_generadas/black.1024x1024.bmp;32;100;53746340343;537463424.000;0;
ondas;tests/img_generadas/black.1024x1024.bmp;32;100;53832295885;538322944.000;0;
ondas;tests/img_generadas/black.1024x1024.bmp;32;100;53810985920;538109888.000;0;
ondas;tests/img_generadas/black.1024x1024.bmp;32;100;53754444862;537544448.000;0;
ondas;tests/img_generadas/black.1024x1024.bmp;32;100;53763520180;537635200.000;0;
ondas;tests/img_generadas/black.1024x1024.bmp;32;100;53755686878;537556864.000;0;
ondas;tests/img_generadas/black.1024x1024.bmp;32;100;53747857424;537478592.000;0;
ondas;tests/img_generadas/black.1024x1024.bmp;32;100;53736773318;537367744.000;0;
ondas;tests/img_generadas/black.1024x1024.bmp;32;100;53723850534;537238464.000;0;
ondas;tests/img_generadas/black.1024x1024.bmp;32;100;53755399752;537553984.000;0;
ondas;tests/img_generadas/black.1024x1024.bmp;32;100;53820396306;538203968.000;0;
ondas;tests/img_generadas/black.1024x1024.bmp;32;100;53760346106;537603456.000;0;
ondas;tests/img_generadas/black.1024x1024.bmp;32;100;53756240298;537562368.000;0;
ondas;tests/img_generadas/black.1024x1024.bmp;32;100;53826111924;538261120.000;0;
ondas;tests/img_generadas/black.1024x1024.bmp;32;100;53828457491;538284544.000;0;
ondas;tests/img_generadas/black.1024x1024.bmp;32;100;53765737785;537657408.000;0;
ondas;tests/img_generadas/black.1024x1024.bmp;32;100;53760519731;537605184.000;0;
ondas;tests/img_generadas/black.1024x1024.bmp;32;100;53755609828;537556096.000;0;
ondas;tests/img_generadas/black.1024x1024.bmp;32;100;53757875572;537578752.000;0;
ondas;tests/img_generadas/black.1024x1024.bmp;32;100;53869736619;538697344.000;0;
ondas;tests/img_generadas/black.1024x1024.bmp;32;100;54242548959;542425472.000;0;
ondas;tests/img_generadas/black.1024x1024.bmp;32;100;54326679208;543266752.000;0;
ondas;tests/img_generadas/black.1024x1024.bmp;32;100;53792720993;537927232.000;0;
ondas;tests/img_generadas/black.1024x1024.bmp;32;100;53737727991;537377280.000;0;
ondas;tests/img_generadas/black.1024x1024.bmp;32;100;54330631598;543306304.000;0;
ondas;tests/img_generadas/black.1024x1024.bmp;32;100;53873451746;538734528.000;0;
ondas;tests/img_generadas/black.1024x1024.bmp;32;100;53881922618;538819200.000;0;
ondas;tests/img_generadas/black.1024x1024.bmp;32;100;53798621403;537986240.000;0;
ondas;tests/img_generadas/black.1024x1024.bmp;32;100;53746985625;537469888.000;0;
ondas;tests/img_generadas/black.1024x1024.bmp;32;100;53763615632;537636160.000;0;
ondas;tests/img_generadas/black.1024x1024.bmp;32;100;53881760700;538817600.000;0;
ondas;tests/img_generadas/black.1024x1024.bmp;32;100;53786434877;537864384.000;0;
ondas;tests/img_generadas/black.1024x1024.bmp;32;100;53744274109;537442752.000;0;
ondas;tests/img_generadas/black.1024x1024.bmp;32;100;53842981418;538429824.000;0;
ondas;tests/img_generadas/black.1024x1024.bmp;32;100;53731299136;537313024.000;0;
ondas;tests/img_generadas/black.1024x1024.bmp;32;100;54158734605;541587328.000;0;
ondas;tests/img_generadas/black.1024x1024.bmp;32;100;53858719020;538587200.000;0;
ondas;tests/img_generadas/black.1024x1024.bmp;32;100;53797657378;537976576.000;0;
ondas;tests/img_generadas/black.1024x1024.bmp;32;100;53731682424;537316864.000;0;
ondas;tests/img_generadas/black.1024x1024.bmp;32;100;53746787399;537467840.000;0;
ondas;tests/img_generadas/black.1024x1024.bmp;32;100;53760496128;537604928.000;0;
ondas;tests/img_generadas/black.1024x1024.bmp;32;100;53739532950;537395328.000;0;
ondas;tests/img_generadas/black.1024x1024.bmp;32;100;53768145647;537681472.000;0;
ondas;tests/img_generadas/black.1024x1024.bmp;32;100;53766309276;537663104.000;0;
ondas;tests/img_generadas/black.1024x1024.bmp;32;100;53742729953;537427328.000;0;
ondas;tests/img_generadas/black.1024x1024.bmp;32;100;53721538867;537215360.000;0;
ondas;tests/img_generadas/black.1024x1024.bmp;32;100;53795051919;537950528.000;0;
ondas;tests/img_generadas/black.1024x1024.bmp;32;100;53749523003;537495232.000;0;
ondas;tests/img_generadas/black.128x128.bmp;32;100;963000404;9630004.000;0;
ondas;tests/img_generadas/black.128x128.bmp;32;100;902968354;9029684.000;0;
ondas;tests/img_generadas/black.128x128.bmp;32;100;854781711;8547817.000;0;
ondas;tests/img_generadas/black.128x128.bmp;32;100;855619814;8556198.000;0;
ondas;tests/img_generadas/black.128x128.bmp;32;100;877882508;8778825.000;0;
ondas;tests/img_generadas/black.128x128.bmp;32;100;855588915;8555889.000;0;
ondas;tests/img_generadas/black.128x128.bmp;32;100;857911984;8579120.000;0;
ondas;tests/img_generadas/black.128x128.bmp;32;100;855071170;8550712.000;0;
ondas;tests/img_generadas/black.128x128.bmp;32;100;860976721;8609767.000;0;
ondas;tests/img_generadas/black.128x128.bmp;32;100;848953020;8489530.000;0;
ondas;tests/img_generadas/black.128x128.bmp;32;100;851780032;8517800.000;0;
ondas;tests/img_generadas/black.128x128.bmp;32;100;855124816;8551248.000;0;
ondas;tests/img_generadas/black.128x128.bmp;32;100;858598049;8585981.000;0;
ondas;tests/img_generadas/black.128x128.bmp;32;100;858590109;8585901.000;0;
ondas;tests/img_generadas/black.128x128.bmp;32;100;849324079;8493241.000;0;
ondas;tests/img_generadas/black.128x128.bmp;32;100;860576724;8605767.000;0;
ondas;tests/img_generadas/black.128x128.bmp;32;100;852720399;8527204.000;0;
ondas;tests/img_generadas/black.128x128.bmp;32;100;858657818;8586578.000;0;
ondas;tests/img_generadas/black.128x128.bmp;32;100;886938935;8869389.000;0;
ondas;tests/img_generadas/black.128x128.bmp;32;100;852002812;8520028.000;0;
ondas;tests/img_generadas/black.128x128.bmp;32;100;870290689;8702907.000;0;
ondas;tests/img_generadas/black.128x128.bmp;32;100;920748313;9207483.000;0;
ondas;tests/img_generadas/black.128x128.bmp;32;100;853412871;8534129.000;0;
ondas;tests/img_generadas/black.128x128.bmp;32;100;861224794;8612248.000;0;
ondas;tests/img_generadas/black.128x128.bmp;32;100;860224628;8602246.000;0;
ondas;tests/img_generadas/black.128x128.bmp;32;100;897536994;8975370.000;0;
ondas;tests/img_generadas/black.128x128.bmp;32;100;852025187;8520252.000;0;
ondas;tests/img_generadas/black.128x128.bmp;32;100;863556029;8635560.000;0;
ondas;tests/img_generadas/black.128x128.bmp;32;100;860098373;8600984.000;0;
ondas;tests/img_generadas/black.128x128.bmp;32;100;867454840;8674548.000;0;
ondas;tests/img_generadas/black.128x128.bmp;32;100;857843756;8578438.000;0;
ondas;tests/img_generadas/black.128x128.bmp;32;100;854235425;8542355.000;0;
ondas;tests/img_generadas/black.128x128.bmp;32;100;892918072;8929181.000;0;
ondas;tests/img_generadas/black.128x128.bmp;32;100;857903783;8579038.000;0;
ondas;tests/img_generadas/black.128x128.bmp;32;100;867888604;8678886.000;0;
ondas;tests/img_generadas/black.128x128.bmp;32;100;856239787;8562398.000;0;
ondas;tests/img_generadas/black.128x128.bmp;32;100;894746550;8947466.000;0;
ondas;tests/img_generadas/black.128x128.bmp;32;100;886040843;8860408.000;0;
ondas;tests/img_generadas/black.128x128.bmp;32;100;868091668;8680916.000;0;
ondas;tests/img_generadas/black.128x128.bmp;32;100;888374715;8883747.000;0;
ondas;tests/img_generadas/black.128x128.bmp;32;100;853533581;8535336.000;0;
ondas;tests/img_generadas/black.128x128.bmp;32;100;861688857;8616888.000;0;
ondas;tests/img_generadas/black.128x128.bmp;32;100;849714092;8497141.000;0;
ondas;tests/img_generadas/black.128x128.bmp;32;100;855226394;8552264.000;0;
ondas;tests/img_generadas/black.128x128.bmp;32;100;852859084;8528591.000;0;
ondas;tests/img_generadas/black.128x128.bmp;32;100;882045750;8820458.000;0;
ondas;tests/img_generadas/black.128x128.bmp;32;100;867480711;8674807.000;0;
ondas;tests/img_generadas/black.128x128.bmp;32;100;896066265;8960662.000;0;
ondas;tests/img_generadas/black.128x128.bmp;32;100;870043367;8700434.000;0;
ondas;tests/img_generadas/black.128x128.bmp;32;100;906924507;9069245.000;0;
ondas;tests/img_generadas/black.128x128.bmp;32;100;853034632;8530346.000;0;
ondas;tests/img_generadas/black.128x128.bmp;32;100;856211459;8562115.000;0;
ondas;tests/img_generadas/black.128x128.bmp;32;100;856524511;8565245.000;0;
ondas;tests/img_generadas/black.128x128.bmp;32;100;864736910;8647369.000;0;
ondas;tests/img_generadas/black.128x128.bmp;32;100;865788900;8657889.000;0;
ondas;tests/img_generadas/black.128x128.bmp;32;100;857785131;8577852.000;0;
ondas;tests/img_generadas/black.128x128.bmp;32;100;857908548;8579085.000;0;
ondas;tests/img_generadas/black.128x128.bmp;32;100;852280082;8522801.000;0;
ondas;tests/img_generadas/black.128x128.bmp;32;100;869448018;8694480.000;0;
ondas;tests/img_generadas/black.128x128.bmp;32;100;854731551;8547315.000;0;
ondas;tests/img_generadas/black.128x128.bmp;32;100;886765398;8867654.000;0;
ondas;tests/img_generadas/black.128x128.bmp;32;100;859004983;8590050.000;0;
ondas;tests/img_generadas/black.128x128.bmp;32;100;865847041;8658470.000;0;
ondas;tests/img_generadas/black.128x128.bmp;32;100;853206977;8532070.000;0;
ondas;tests/img_generadas/black.128x128.bmp;32;100;854842053;8548420.000;0;
ondas;tests/img_generadas/black.128x128.bmp;32;100;913096413;9130964.000;0;
ondas;tests/img_generadas/black.128x128.bmp;32;100;850269041;8502691.000;0;
ondas;tests/img_generadas/black.128x128.bmp;32;100;852324904;8523249.000;0;
ondas;tests/img_generadas/black.128x128.bmp;32;100;855292753;8552927.000;0;
ondas;tests/img_generadas/black.128x128.bmp;32;100;862560581;8625606.000;0;
ondas;tests/img_generadas/black.128x128.bmp;32;100;850949010;8509490.000;0;
ondas;tests/img_generadas/black.128x128.bmp;32;100;1030611236;10306113.000;0;
ondas;tests/img_generadas/black.128x128.bmp;32;100;864331329;8643313.000;0;
ondas;tests/img_generadas/black.128x128.bmp;32;100;920390630;9203907.000;0;
ondas;tests/img_generadas/black.128x128.bmp;32;100;876326470;8763265.000;0;
ondas;tests/img_generadas/black.128x128.bmp;32;100;863031229;8630312.000;0;
ondas;tests/img_generadas/black.128x128.bmp;32;100;854661331;8546613.000;0;
ondas;tests/img_generadas/black.128x128.bmp;32;100;855571209;8555712.000;0;
ondas;tests/img_generadas/black.128x128.bmp;32;100;861659418;8616594.000;0;
ondas;tests/img_generadas/black.128x128.bmp;32;100;852856810;8528568.000;0;
ondas;tests/img_generadas/black.128x128.bmp;32;100;860909144;8609091.000;0;
ondas;tests/img_generadas/black.128x128.bmp;32;100;851952110;8519521.000;0;
ondas;tests/img_generadas/black.128x128.bmp;32;100;854477009;8544770.000;0;
ondas;tests/img_generadas/black.128x128.bmp;32;100;854800364;8548004.000;0;
ondas;tests/img_generadas/black.128x128.bmp;32;100;856344802;8563448.000;0;
ondas;tests/img_generadas/black.128x128.bmp;32;100;892094236;8920942.000;0;
ondas;tests/img_generadas/black.128x128.bmp;32;100;853795083;8537951.000;0;
ondas;tests/img_generadas/black.128x128.bmp;32;100;862817371;8628173.000;0;
ondas;tests/img_generadas/black.128x128.bmp;32;100;852850874;8528509.000;0;
ondas;tests/img_generadas/black.128x128.bmp;32;100;861693402;8616934.000;0;
ondas;tests/img_generadas/black.128x128.bmp;32;100;961066941;9610669.000;0;
ondas;tests/img_generadas/black.128x128.bmp;32;100;853668186;8536682.000;0;
ondas;tests/img_generadas/black.128x128.bmp;32;100;875979572;8759796.000;0;
ondas;tests/img_generadas/black.128x128.bmp;32;100;852488707;8524887.000;0;
ondas;tests/img_generadas/black.128x128.bmp;32;100;875716788;8757168.000;0;
ondas;tests/img_generadas/black.128x128.bmp;32;100;899590145;8995901.000;0;
ondas;tests/img_generadas/black.128x128.bmp;32;100;871922928;8719229.000;0;
ondas;tests/img_generadas/black.128x128.bmp;32;100;945675535;9456755.000;0;
ondas;tests/img_generadas/black.128x128.bmp;32;100;872509941;8725100.000;0;
ondas;tests/img_generadas/black.128x128.bmp;32;100;858012062;8580120.000;0;
ondas;tests/img_generadas/black.16x16.bmp;32;100;14444221;144442.203;0;
ondas;tests/img_generadas/black.16x16.bmp;32;100;15596497;155964.969;0;
ondas;tests/img_generadas/black.16x16.bmp;32;100;15202792;152027.922;0;
ondas;tests/img_generadas/black.16x16.bmp;32;100;19362343;193623.438;0;
ondas;tests/img_generadas/black.16x16.bmp;32;100;13958840;139588.406;0;
ondas;tests/img_generadas/black.16x16.bmp;32;100;14048824;140488.234;0;
ondas;tests/img_generadas/black.16x16.bmp;32;100;14927129;149271.297;0;
ondas;tests/img_generadas/black.16x16.bmp;32;100;14919224;149192.234;0;
ondas;tests/img_generadas/black.16x16.bmp;32;100;19142194;191421.938;0;
ondas;tests/img_generadas/black.16x16.bmp;32;100;17308369;173083.688;0;
ondas;tests/img_generadas/black.16x16.bmp;32;100;17453340;174533.406;0;
ondas;tests/img_generadas/black.16x16.bmp;32;100;15831464;158314.641;0;
ondas;tests/img_generadas/black.16x16.bmp;32;100;16834697;168346.953;0;
ondas;tests/img_generadas/black.16x16.bmp;32;100;16381782;163817.812;0;
ondas;tests/img_generadas/black.16x16.bmp;32;100;17245976;172459.766;0;
ondas;tests/img_generadas/black.16x16.bmp;32;100;14491076;144910.766;0;
ondas;tests/img_generadas/black.16x16.bmp;32;100;14096751;140967.516;0;
ondas;tests/img_generadas/black.16x16.bmp;32;100;15216591;152165.906;0;
ondas;tests/img_generadas/black.16x16.bmp;32;100;14188948;141889.484;0;
ondas;tests/img_generadas/black.16x16.bmp;32;100;18143703;181437.047;0;
ondas;tests/img_generadas/black.16x16.bmp;32;100;17737945;177379.438;0;
ondas;tests/img_generadas/black.16x16.bmp;32;100;18791561;187915.594;0;
ondas;tests/img_generadas/black.16x16.bmp;32;100;14161700;141617.000;0;
ondas;tests/img_generadas/black.16x16.bmp;32;100;16034249;160342.484;0;
ondas;tests/img_generadas/black.16x16.bmp;32;100;18492607;184926.078;0;
ondas;tests/img_generadas/black.16x16.bmp;32;100;18181015;181810.156;0;
ondas;tests/img_generadas/black.16x16.bmp;32;100;16304287;163042.875;0;
ondas;tests/img_generadas/black.16x16.bmp;32;100;18748691;187486.922;0;
ondas;tests/img_generadas/black.16x16.bmp;32;100;14362397;143623.969;0;
ondas;tests/img_generadas/black.16x16.bmp;32;100;19414794;194147.938;0;
ondas;tests/img_generadas/black.16x16.bmp;32;100;14460152;144601.516;0;
ondas;tests/img_generadas/black.16x16.bmp;32;100;18164427;181644.281;0;
ondas;tests/img_generadas/black.16x16.bmp;32;100;15450903;154509.031;0;
ondas;tests/img_generadas/black.16x16.bmp;32;100;17522633;175226.312;0;
ondas;tests/img_generadas/black.16x16.bmp;32;100;18756658;187566.578;0;
ondas;tests/img_generadas/black.16x16.bmp;32;100;18122906;181229.062;0;
ondas;tests/img_generadas/black.16x16.bmp;32;100;14173130;141731.297;0;
ondas;tests/img_generadas/black.16x16.bmp;32;100;18652910;186529.094;0;
ondas;tests/img_generadas/black.16x16.bmp;32;100;14134900;141349.000;0;
ondas;tests/img_generadas/black.16x16.bmp;32;100;14314236;143142.359;0;
ondas;tests/img_generadas/black.16x16.bmp;32;100;18891197;188911.953;0;
ondas;tests/img_generadas/black.16x16.bmp;32;100;17741724;177417.234;0;
ondas;tests/img_generadas/black.16x16.bmp;32;100;15508223;155082.234;0;
ondas;tests/img_generadas/black.16x16.bmp;32;100;18660833;186608.312;0;
ondas;tests/img_generadas/black.16x16.bmp;32;100;14155724;141557.234;0;
ondas;tests/img_generadas/black.16x16.bmp;32;100;15072113;150721.125;0;
ondas;tests/img_generadas/black.16x16.bmp;32;100;14640675;146406.750;0;
ondas;tests/img_generadas/black.16x16.bmp;32;100;14067134;140671.344;0;
ondas;tests/img_generadas/black.16x16.bmp;32;100;13990049;139900.484;0;
ondas;tests/img_generadas/black.16x16.bmp;32;100;18854018;188540.188;0;
ondas;tests/img_generadas/black.16x16.bmp;32;100;18485930;184859.297;0;
ondas;tests/img_generadas/black.16x16.bmp;32;100;14315815;143158.156;0;
ondas;tests/img_generadas/black.16x16.bmp;32;100;18617134;186171.344;0;
ondas;tests/img_generadas/black.16x16.bmp;32;100;15881911;158819.109;0;
ondas;tests/img_generadas/black.16x16.bmp;32;100;14893982;148939.812;0;
ondas;tests/img_generadas/black.16x16.bmp;32;100;15577909;155779.094;0;
ondas;tests/img_generadas/black.16x16.bmp;32;100;15606712;156067.125;0;
ondas;tests/img_generadas/black.16x16.bmp;32;100;17236070;172360.703;0;
ondas;tests/img_generadas/black.16x16.bmp;32;100;19025715;190257.156;0;
ondas;tests/img_generadas/black.16x16.bmp;32;100;19707185;197071.844;0;
ondas;tests/img_generadas/black.16x16.bmp;32;100;18680256;186802.562;0;
ondas;tests/img_generadas/black.16x16.bmp;32;100;18373263;183732.641;0;
ondas;tests/img_generadas/black.16x16.bmp;32;100;16630233;166302.328;0;
ondas;tests/img_generadas/black.16x16.bmp;32;100;16940552;169405.516;0;
ondas;tests/img_generadas/black.16x16.bmp;32;100;16609888;166098.875;0;
ondas;tests/img_generadas/black.16x16.bmp;32;100;17745667;177456.688;0;
ondas;tests/img_generadas/black.16x16.bmp;32;100;17948318;179483.188;0;
ondas;tests/img_generadas/black.16x16.bmp;32;100;18978315;189783.156;0;
ondas;tests/img_generadas/black.16x16.bmp;32;100;14232279;142322.797;0;
ondas;tests/img_generadas/black.16x16.bmp;32;100;14312355;143123.547;0;
ondas;tests/img_generadas/black.16x16.bmp;32;100;17595742;175957.422;0;
ondas;tests/img_generadas/black.16x16.bmp;32;100;14317394;143173.938;0;
ondas;tests/img_generadas/black.16x16.bmp;32;100;14584274;145842.734;0;
ondas;tests/img_generadas/black.16x16.bmp;32;100;18268448;182684.484;0;
ondas;tests/img_generadas/black.16x16.bmp;32;100;14544124;145441.234;0;
ondas;tests/img_generadas/black.16x16.bmp;32;100;14312791;143127.906;0;
ondas;tests/img_generadas/black.16x16.bmp;32;100;14423876;144238.766;0;
ondas;tests/img_generadas/black.16x16.bmp;32;100;19532803;195328.047;0;
ondas;tests/img_generadas/black.16x16.bmp;32;100;15095846;150958.453;0;
ondas;tests/img_generadas/black.16x16.bmp;32;100;18715791;187157.922;0;
ondas;tests/img_generadas/black.16x16.bmp;32;100;18015870;180158.703;0;
ondas;tests/img_generadas/black.16x16.bmp;32;100;16310473;163104.734;0;
ondas;tests/img_generadas/black.16x16.bmp;32;100;14266015;142660.156;0;
ondas;tests/img_generadas/black.16x16.bmp;32;100;18163248;181632.484;0;
ondas;tests/img_generadas/black.16x16.bmp;32;100;14382406;143824.062;0;
ondas;tests/img_generadas/black.16x16.bmp;32;100;18209536;182095.359;0;
ondas;tests/img_generadas/black.16x16.bmp;32;100;14320867;143208.672;0;
ondas;tests/img_generadas/black.16x16.bmp;32;100;14676457;146764.562;0;
ondas;tests/img_generadas/black.16x16.bmp;32;100;18358233;183582.312;0;
ondas;tests/img_generadas/black.16x16.bmp;32;100;19268999;192690.000;0;
ondas;tests/img_generadas/black.16x16.bmp;32;100;15487025;154870.250;0;
ondas;tests/img_generadas/black.16x16.bmp;32;100;14448821;144488.203;0;
ondas;tests/img_generadas/black.16x16.bmp;32;100;18213829;182138.281;0;
ondas;tests/img_generadas/black.16x16.bmp;32;100;14221461;142214.609;0;
ondas;tests/img_generadas/black.16x16.bmp;32;100;14516703;145167.031;0;
ondas;tests/img_generadas/black.16x16.bmp;32;100;14568475;145684.750;0;
ondas;tests/img_generadas/black.16x16.bmp;32;100;15094109;150941.094;0;
ondas;tests/img_generadas/black.16x16.bmp;32;100;14254888;142548.875;0;
ondas;tests/img_generadas/black.16x16.bmp;32;100;14300209;143002.094;0;
ondas;tests/img_generadas/black.16x16.bmp;32;100;14700879;147008.797;0;
ondas;tests/img_generadas/black.256x256.bmp;32;100;3392908762;33929088.000;0;
ondas;tests/img_generadas/black.256x256.bmp;32;100;3399665165;33996652.000;0;
ondas;tests/img_generadas/black.256x256.bmp;32;100;3403604409;34036044.000;0;
ondas;tests/img_generadas/black.256x256.bmp;32;100;3384140741;33841408.000;0;
ondas;tests/img_generadas/black.256x256.bmp;32;100;3411529957;34115300.000;0;
ondas;tests/img_generadas/black.256x256.bmp;32;100;3380091643;33800916.000;0;
ondas;tests/img_generadas/black.256x256.bmp;32;100;3387896898;33878968.000;0;
ondas;tests/img_generadas/black.256x256.bmp;32;100;3384492994;33844932.000;0;
ondas;tests/img_generadas/black.256x256.bmp;32;100;3392645830;33926460.000;0;
ondas;tests/img_generadas/black.256x256.bmp;32;100;3384228239;33842284.000;0;
ondas;tests/img_generadas/black.256x256.bmp;32;100;3462507950;34625080.000;0;
ondas;tests/img_generadas/black.256x256.bmp;32;100;3391018401;33910184.000;0;
ondas;tests/img_generadas/black.256x256.bmp;32;100;3398928411;33989284.000;0;
ondas;tests/img_generadas/black.256x256.bmp;32;100;3395860513;33958604.000;0;
ondas;tests/img_generadas/black.256x256.bmp;32;100;3385212249;33852120.000;0;
ondas;tests/img_generadas/black.256x256.bmp;32;100;3383018178;33830184.000;0;
ondas;tests/img_generadas/black.256x256.bmp;32;100;3399796372;33997964.000;0;
ondas;tests/img_generadas/black.256x256.bmp;32;100;3415966286;34159664.000;0;
ondas;tests/img_generadas/black.256x256.bmp;32;100;3407381074;34073808.000;0;
ondas;tests/img_generadas/black.256x256.bmp;32;100;3393287070;33932872.000;0;
ondas;tests/img_generadas/black.256x256.bmp;32;100;3386915210;33869152.000;0;
ondas;tests/img_generadas/black.256x256.bmp;32;100;3389022488;33890224.000;0;
ondas;tests/img_generadas/black.256x256.bmp;32;100;3389248095;33892480.000;0;
ondas;tests/img_generadas/black.256x256.bmp;32;100;3397608404;33976084.000;0;
ondas;tests/img_generadas/black.256x256.bmp;32;100;3394748563;33947488.000;0;
ondas;tests/img_generadas/black.256x256.bmp;32;100;3389180806;33891808.000;0;
ondas;tests/img_generadas/black.256x256.bmp;32;100;3389074956;33890748.000;0;
ondas;tests/img_generadas/black.256x256.bmp;32;100;3405731018;34057312.000;0;
ondas;tests/img_generadas/black.256x256.bmp;32;100;3394948344;33949484.000;0;
ondas;tests/img_generadas/black.256x256.bmp;32;100;3402506987;34025072.000;0;
ondas;tests/img_generadas/black.256x256.bmp;32;100;3432281083;34322812.000;0;
ondas;tests/img_generadas/black.256x256.bmp;32;100;3395697073;33956972.000;0;
ondas;tests/img_generadas/black.256x256.bmp;32;100;3398858307;33988584.000;0;
ondas;tests/img_generadas/black.256x256.bmp;32;100;3382589492;33825896.000;0;
ondas;tests/img_generadas/black.256x256.bmp;32;100;3388895718;33888956.000;0;
ondas;tests/img_generadas/black.256x256.bmp;32;100;3389291362;33892912.000;0;
ondas;tests/img_generadas/black.256x256.bmp;32;100;3480518754;34805188.000;0;
ondas;tests/img_generadas/black.256x256.bmp;32;100;3391266431;33912664.000;0;
ondas;tests/img_generadas/black.256x256.bmp;32;100;3398434030;33984340.000;0;
ondas;tests/img_generadas/black.256x256.bmp;32;100;3448859101;34488592.000;0;
ondas;tests/img_generadas/black.256x256.bmp;32;100;3386191850;33861920.000;0;
ondas;tests/img_generadas/black.256x256.bmp;32;100;3389186816;33891868.000;0;
ondas;tests/img_generadas/black.256x256.bmp;32;100;3412598204;34125984.000;0;
ondas;tests/img_generadas/black.256x256.bmp;32;100;3379568174;33795680.000;0;
ondas;tests/img_generadas/black.256x256.bmp;32;100;3392367513;33923676.000;0;
ondas;tests/img_generadas/black.256x256.bmp;32;100;3422326770;34223268.000;0;
ondas;tests/img_generadas/black.256x256.bmp;32;100;3444528354;34445284.000;0;
ondas;tests/img_generadas/black.256x256.bmp;32;100;3397829473;33978292.000;0;
ondas;tests/img_generadas/black.256x256.bmp;32;100;3395472500;33954724.000;0;
ondas;tests/img_generadas/black.256x256.bmp;32;100;3390574249;33905744.000;0;
ondas;tests/img_generadas/black.256x256.bmp;32;100;3412626756;34126268.000;0;
ondas;tests/img_generadas/black.256x256.bmp;32;100;3385187395;33851872.000;0;
ondas;tests/img_generadas/black.256x256.bmp;32;100;3393413414;33934132.000;0;
ondas;tests/img_generadas/black.256x256.bmp;32;100;3385847784;33858480.000;0;
ondas;tests/img_generadas/black.256x256.bmp;32;100;3385154988;33851552.000;0;
ondas;tests/img_generadas/black.256x256.bmp;32;100;3388231876;33882320.000;0;
ondas;tests/img_generadas/black.256x256.bmp;32;100;3404686376;34046864.000;0;
ondas;tests/img_generadas/black.256x256.bmp;32;100;3401688728;34016888.000;0;
ondas;tests/img_generadas/black.256x256.bmp;32;100;3390205473;33902056.000;0;
ondas;tests/img_generadas/black.256x256.bmp;32;100;3397933074;33979332.000;0;
ondas;tests/img_generadas/black.256x256.bmp;32;100;3387877216;33878772.000;0;
ondas;tests/img_generadas/black.256x256.bmp;32;100;3387475314;33874752.000;0;
ondas;tests/img_generadas/black.256x256.bmp;32;100;3389571482;33895716.000;0;
ondas;tests/img_generadas/black.256x256.bmp;32;100;3385845513;33858456.000;0;
ondas;tests/img_generadas/black.256x256.bmp;32;100;3396867294;33968672.000;0;
ondas;tests/img_generadas/black.256x256.bmp;32;100;3383305840;33833056.000;0;
ondas;tests/img_generadas/black.256x256.bmp;32;100;3381844674;33818448.000;0;
ondas;tests/img_generadas/black.256x256.bmp;32;100;3400052033;34000520.000;0;
ondas;tests/img_generadas/black.256x256.bmp;32;100;3391750398;33917504.000;0;
ondas;tests/img_generadas/black.256x256.bmp;32;100;3393148442;33931484.000;0;
ondas;tests/img_generadas/black.256x256.bmp;32;100;3392033029;33920332.000;0;
ondas;tests/img_generadas/black.256x256.bmp;32;100;3389914748;33899148.000;0;
ondas;tests/img_generadas/black.256x256.bmp;32;100;3390467187;33904672.000;0;
ondas;tests/img_generadas/black.256x256.bmp;32;100;3396591080;33965912.000;0;
ondas;tests/img_generadas/black.256x256.bmp;32;100;3398470916;33984708.000;0;
ondas;tests/img_generadas/black.256x256.bmp;32;100;3391045413;33910452.000;0;
ondas;tests/img_generadas/black.256x256.bmp;32;100;3384229370;33842292.000;0;
ondas;tests/img_generadas/black.256x256.bmp;32;100;3384461771;33844620.000;0;
ondas;tests/img_generadas/black.256x256.bmp;32;100;3393891384;33938912.000;0;
ondas;tests/img_generadas/black.256x256.bmp;32;100;3387561679;33875616.000;0;
ondas;tests/img_generadas/black.256x256.bmp;32;100;3408555783;34085556.000;0;
ondas;tests/img_generadas/black.256x256.bmp;32;100;3388655259;33886552.000;0;
ondas;tests/img_generadas/black.256x256.bmp;32;100;3396327912;33963280.000;0;
ondas;tests/img_generadas/black.256x256.bmp;32;100;3393043768;33930436.000;0;
ondas;tests/img_generadas/black.256x256.bmp;32;100;3391191175;33911912.000;0;
ondas;tests/img_generadas/black.256x256.bmp;32;100;3399995964;33999960.000;0;
ondas;tests/img_generadas/black.256x256.bmp;32;100;3455674450;34556744.000;0;
ondas;tests/img_generadas/black.256x256.bmp;32;100;3387166833;33871668.000;0;
ondas;tests/img_generadas/black.256x256.bmp;32;100;3411506649;34115068.000;0;
ondas;tests/img_generadas/black.256x256.bmp;32;100;3400808861;34008088.000;0;
ondas;tests/img_generadas/black.256x256.bmp;32;100;3394442789;33944428.000;0;
ondas;tests/img_generadas/black.256x256.bmp;32;100;3394368251;33943684.000;0;
ondas;tests/img_generadas/black.256x256.bmp;32;100;3385047470;33850476.000;0;
ondas;tests/img_generadas/black.256x256.bmp;32;100;3397327397;33973272.000;0;
ondas;tests/img_generadas/black.256x256.bmp;32;100;3400252004;34002520.000;0;
ondas;tests/img_generadas/black.256x256.bmp;32;100;3437899214;34378992.000;0;
ondas;tests/img_generadas/black.256x256.bmp;32;100;3393883636;33938836.000;0;
ondas;tests/img_generadas/black.256x256.bmp;32;100;3388578146;33885780.000;0;
ondas;tests/img_generadas/black.256x256.bmp;32;100;3397432805;33974328.000;0;
ondas;tests/img_generadas/black.256x256.bmp;32;100;3403381910;34033820.000;0;
ondas;tests/img_generadas/black.32x32.bmp;32;100;55429724;554297.250;0;
ondas;tests/img_generadas/black.32x32.bmp;32;100;55974584;559745.812;0;
ondas;tests/img_generadas/black.32x32.bmp;32;100;56041540;560415.375;0;
ondas;tests/img_generadas/black.32x32.bmp;32;100;56589078;565890.812;0;
ondas;tests/img_generadas/black.32x32.bmp;32;100;56029718;560297.188;0;
ondas;tests/img_generadas/black.32x32.bmp;32;100;59677061;596770.625;0;
ondas;tests/img_generadas/black.32x32.bmp;32;100;60294800;602948.000;0;
ondas;tests/img_generadas/black.32x32.bmp;32;100;56762497;567624.938;0;
ondas;tests/img_generadas/black.32x32.bmp;32;100;55905698;559056.938;0;
ondas;tests/img_generadas/black.32x32.bmp;32;100;56728379;567283.812;0;
ondas;tests/img_generadas/black.32x32.bmp;32;100;56438169;564381.688;0;
ondas;tests/img_generadas/black.32x32.bmp;32;100;59266093;592660.938;0;
ondas;tests/img_generadas/black.32x32.bmp;32;100;60119258;601192.562;0;
ondas;tests/img_generadas/black.32x32.bmp;32;100;56997014;569970.188;0;
ondas;tests/img_generadas/black.32x32.bmp;32;100;57728020;577280.188;0;
ondas;tests/img_generadas/black.32x32.bmp;32;100;66198264;661982.625;0;
ondas;tests/img_generadas/black.32x32.bmp;32;100;60788891;607888.938;0;
ondas;tests/img_generadas/black.32x32.bmp;32;100;56007216;560072.188;0;
ondas;tests/img_generadas/black.32x32.bmp;32;100;57916719;579167.188;0;
ondas;tests/img_generadas/black.32x32.bmp;32;100;56574608;565746.062;0;
ondas;tests/img_generadas/black.32x32.bmp;32;100;57387295;573872.938;0;
ondas;tests/img_generadas/black.32x32.bmp;32;100;56079135;560791.375;0;
ondas;tests/img_generadas/black.32x32.bmp;32;100;56587839;565878.375;0;
ondas;tests/img_generadas/black.32x32.bmp;32;100;56755995;567559.938;0;
ondas;tests/img_generadas/black.32x32.bmp;32;100;62431476;624314.750;0;
ondas;tests/img_generadas/black.32x32.bmp;32;100;59192460;591924.625;0;
ondas;tests/img_generadas/black.32x32.bmp;32;100;58144025;581440.250;0;
ondas;tests/img_generadas/black.32x32.bmp;32;100;60430780;604307.812;0;
ondas;tests/img_generadas/black.32x32.bmp;32;100;58144860;581448.625;0;
ondas;tests/img_generadas/black.32x32.bmp;32;100;61240453;612404.500;0;
ondas;tests/img_generadas/black.32x32.bmp;32;100;63603785;636037.812;0;
ondas;tests/img_generadas/black.32x32.bmp;32;100;57033281;570332.812;0;
ondas;tests/img_generadas/black.32x32.bmp;32;100;60484342;604843.438;0;
ondas;tests/img_generadas/black.32x32.bmp;32;100;57480735;574807.375;0;
ondas;tests/img_generadas/black.32x32.bmp;32;100;57612629;576126.250;0;
ondas;tests/img_generadas/black.32x32.bmp;32;100;56309996;563099.938;0;
ondas;tests/img_generadas/black.32x32.bmp;32;100;60391213;603912.125;0;
ondas;tests/img_generadas/black.32x32.bmp;32;100;60376238;603762.375;0;
ondas;tests/img_generadas/black.32x32.bmp;32;100;56444761;564447.625;0;
ondas;tests/img_generadas/black.32x32.bmp;32;100;57839960;578399.625;0;
ondas;tests/img_generadas/black.32x32.bmp;32;100;57201875;572018.750;0;
ondas;tests/img_generadas/black.32x32.bmp;32;100;57484058;574840.562;0;
ondas;tests/img_generadas/black.32x32.bmp;32;100;55606506;556065.062;0;
ondas;tests/img_generadas/black.32x32.bmp;32;100;57527898;575278.938;0;
ondas;tests/img_generadas/black.32x32.bmp;32;100;56733497;567334.938;0;
ondas;tests/img_generadas/black.32x32.bmp;32;100;57722427;577224.250;0;
ondas;tests/img_generadas/black.32x32.bmp;32;100;55704861;557048.625;0;
ondas;tests/img_generadas/black.32x32.bmp;32;100;58288741;582887.375;0;
ondas;tests/img_generadas/black.32x32.bmp;32;100;58277285;582772.812;0;
ondas;tests/img_generadas/black.32x32.bmp;32;100;57365895;573658.938;0;
ondas;tests/img_generadas/black.32x32.bmp;32;100;57047961;570479.625;0;
ondas;tests/img_generadas/black.32x32.bmp;32;100;59511285;595112.812;0;
ondas;tests/img_generadas/black.32x32.bmp;32;100;59538763;595387.625;0;
ondas;tests/img_generadas/black.32x32.bmp;32;100;64177378;641773.750;0;
ondas;tests/img_generadas/black.32x32.bmp;32;100;62279902;622799.062;0;
ondas;tests/img_generadas/black.32x32.bmp;32;100;58194148;581941.500;0;
ondas;tests/img_generadas/black.32x32.bmp;32;100;63104663;631046.625;0;
ondas;tests/img_generadas/black.32x32.bmp;32;100;65606411;656064.125;0;
ondas;tests/img_generadas/black.32x32.bmp;32;100;59625447;596254.500;0;
ondas;tests/img_generadas/black.32x32.bmp;32;100;60127589;601275.875;0;
ondas;tests/img_generadas/black.32x32.bmp;32;100;61516534;615165.375;0;
ondas;tests/img_generadas/black.32x32.bmp;32;100;58593038;585930.375;0;
ondas;tests/img_generadas/black.32x32.bmp;32;100;59811226;598112.250;0;
ondas;tests/img_generadas/black.32x32.bmp;32;100;60203698;602036.938;0;
ondas;tests/img_generadas/black.32x32.bmp;32;100;59200592;592005.938;0;
ondas;tests/img_generadas/black.32x32.bmp;32;100;60234961;602349.625;0;
ondas;tests/img_generadas/black.32x32.bmp;32;100;57284459;572844.625;0;
ondas;tests/img_generadas/black.32x32.bmp;32;100;60141352;601413.500;0;
ondas;tests/img_generadas/black.32x32.bmp;32;100;59986488;599864.875;0;
ondas;tests/img_generadas/black.32x32.bmp;32;100;56165434;561654.312;0;
ondas;tests/img_generadas/black.32x32.bmp;32;100;57817655;578176.562;0;
ondas;tests/img_generadas/black.32x32.bmp;32;100;55937491;559374.938;0;
ondas;tests/img_generadas/black.32x32.bmp;32;100;56203609;562036.062;0;
ondas;tests/img_generadas/black.32x32.bmp;32;100;57202374;572023.750;0;
ondas;tests/img_generadas/black.32x32.bmp;32;100;56237320;562373.188;0;
ondas;tests/img_generadas/black.32x32.bmp;32;100;80585945;805859.438;0;
ondas;tests/img_generadas/black.32x32.bmp;32;100;68399967;683999.688;0;
ondas;tests/img_generadas/black.32x32.bmp;32;100;61473994;614739.938;0;
ondas;tests/img_generadas/black.32x32.bmp;32;100;61358251;613582.500;0;
ondas;tests/img_generadas/black.32x32.bmp;32;100;60514998;605150.000;0;
ondas;tests/img_generadas/black.32x32.bmp;32;100;57230149;572301.500;0;
ondas;tests/img_generadas/black.32x32.bmp;32;100;56763278;567632.812;0;
ondas;tests/img_generadas/black.32x32.bmp;32;100;55705582;557055.812;0;
ondas;tests/img_generadas/black.32x32.bmp;32;100;56270927;562709.250;0;
ondas;tests/img_generadas/black.32x32.bmp;32;100;55817251;558172.500;0;
ondas;tests/img_generadas/black.32x32.bmp;32;100;56312744;563127.438;0;
ondas;tests/img_generadas/black.32x32.bmp;32;100;55925755;559257.562;0;
ondas;tests/img_generadas/black.32x32.bmp;32;100;61065958;610659.625;0;
ondas;tests/img_generadas/black.32x32.bmp;32;100;62104237;621042.375;0;
ondas;tests/img_generadas/black.32x32.bmp;32;100;55942223;559422.250;0;
ondas;tests/img_generadas/black.32x32.bmp;32;100;57989899;579899.000;0;
ondas;tests/img_generadas/black.32x32.bmp;32;100;57072343;570723.438;0;
ondas;tests/img_generadas/black.32x32.bmp;32;100;57233697;572336.938;0;
ondas;tests/img_generadas/black.32x32.bmp;32;100;56089096;560890.938;0;
ondas;tests/img_generadas/black.32x32.bmp;32;100;57181168;571811.688;0;
ondas;tests/img_generadas/black.32x32.bmp;32;100;60199849;601998.500;0;
ondas;tests/img_generadas/black.32x32.bmp;32;100;56349062;563490.625;0;
ondas;tests/img_generadas/black.32x32.bmp;32;100;61057884;610578.812;0;
ondas;tests/img_generadas/black.32x32.bmp;32;100;60195403;601954.062;0;
ondas;tests/img_generadas/black.32x32.bmp;32;100;60208543;602085.438;0;
ondas;tests/img_generadas/black.512x512.bmp;32;100;13551954529;135519552.000;0;
ondas;tests/img_generadas/black.512x512.bmp;32;100;13461506056;134615056.000;0;
ondas;tests/img_generadas/black.512x512.bmp;32;100;13495629149;134956288.000;0;
ondas;tests/img_generadas/black.512x512.bmp;32;100;13452398198;134523984.000;0;
ondas;tests/img_generadas/black.512x512.bmp;32;100;13665701529;136657024.000;0;
ondas;tests/img_generadas/black.512x512.bmp;32;100;13547742773;135477440.000;0;
ondas;tests/img_generadas/black.512x512.bmp;32;100;13863437504;138634368.000;0;
ondas;tests/img_generadas/black.512x512.bmp;32;100;13824898995;138248992.000;0;
ondas;tests/img_generadas/black.512x512.bmp;32;100;13520539372;135205392.000;0;
ondas;tests/img_generadas/black.512x512.bmp;32;100;13483520062;134835200.000;0;
ondas;tests/img_generadas/black.512x512.bmp;32;100;13478437737;134784384.000;0;
ondas;tests/img_generadas/black.512x512.bmp;32;100;13599602564;135996032.000;0;
ondas;tests/img_generadas/black.512x512.bmp;32;100;13464263041;134642624.000;0;
ondas;tests/img_generadas/black.512x512.bmp;32;100;13477273558;134772736.000;0;
ondas;tests/img_generadas/black.512x512.bmp;32;100;13473252161;134732528.000;0;
ondas;tests/img_generadas/black.512x512.bmp;32;100;13466013737;134660144.000;0;
ondas;tests/img_generadas/black.512x512.bmp;32;100;13504246913;135042464.000;0;
ondas;tests/img_generadas/black.512x512.bmp;32;100;13495642891;134956432.000;0;
ondas;tests/img_generadas/black.512x512.bmp;32;100;13468892113;134688928.000;0;
ondas;tests/img_generadas/black.512x512.bmp;32;100;13553615928;135536160.000;0;
ondas;tests/img_generadas/black.512x512.bmp;32;100;13530166466;135301664.000;0;
ondas;tests/img_generadas/black.512x512.bmp;32;100;13488537849;134885376.000;0;
ondas;tests/img_generadas/black.512x512.bmp;32;100;13474862565;134748624.000;0;
ondas;tests/img_generadas/black.512x512.bmp;32;100;13470496856;134704960.000;0;
ondas;tests/img_generadas/black.512x512.bmp;32;100;13483416650;134834160.000;0;
ondas;tests/img_generadas/black.512x512.bmp;32;100;13501835997;135018368.000;0;
ondas;tests/img_generadas/black.512x512.bmp;32;100;13476113005;134761136.000;0;
ondas;tests/img_generadas/black.512x512.bmp;32;100;13462913058;134629136.000;0;
ondas;tests/img_generadas/black.512x512.bmp;32;100;13462136662;134621376.000;0;
ondas;tests/img_generadas/black.512x512.bmp;32;100;13467107836;134671072.000;0;
ondas;tests/img_generadas/black.512x512.bmp;32;100;13488061467;134880608.000;0;
ondas;tests/img_generadas/black.512x512.bmp;32;100;13521018496;135210192.000;0;
ondas;tests/img_generadas/black.512x512.bmp;32;100;13496191114;134961904.000;0;
ondas;tests/img_generadas/black.512x512.bmp;32;100;13611741378;136117408.000;0;
ondas;tests/img_generadas/black.512x512.bmp;32;100;13474467622;134744672.000;0;
ondas;tests/img_generadas/black.512x512.bmp;32;100;13498829682;134988304.000;0;
ondas;tests/img_generadas/black.512x512.bmp;32;100;13457833943;134578336.000;0;
ondas;tests/img_generadas/black.512x512.bmp;32;100;13462458463;134624576.000;0;
ondas;tests/img_generadas/black.512x512.bmp;32;100;13476338292;134763392.000;0;
ondas;tests/img_generadas/black.512x512.bmp;32;100;13516984891;135169856.000;0;
ondas;tests/img_generadas/black.512x512.bmp;32;100;13502876666;135028768.000;0;
ondas;tests/img_generadas/black.512x512.bmp;32;100;13467425693;134674256.000;0;
ondas;tests/img_generadas/black.512x512.bmp;32;100;13475242218;134752416.000;0;
ondas;tests/img_generadas/black.512x512.bmp;32;100;13498719398;134987200.000;0;
ondas;tests/img_generadas/black.512x512.bmp;32;100;13472328047;134723280.000;0;
ondas;tests/img_generadas/black.512x512.bmp;32;100;13490167549;134901680.000;0;
ondas;tests/img_generadas/black.512x512.bmp;32;100;13647321069;136473216.000;0;
ondas;tests/img_generadas/black.512x512.bmp;32;100;13506897058;135068976.000;0;
ondas;tests/img_generadas/black.512x512.bmp;32;100;13457348595;134573488.000;0;
ondas;tests/img_generadas/black.512x512.bmp;32;100;13465492461;134654928.000;0;
ondas;tests/img_generadas/black.512x512.bmp;32;100;13504231971;135042320.000;0;
ondas;tests/img_generadas/black.512x512.bmp;32;100;13540228531;135402288.000;0;
ondas;tests/img_generadas/black.512x512.bmp;32;100;13521773832;135217728.000;0;
ondas;tests/img_generadas/black.512x512.bmp;32;100;13515263933;135152640.000;0;
ondas;tests/img_generadas/black.512x512.bmp;32;100;13471872962;134718736.000;0;
ondas;tests/img_generadas/black.512x512.bmp;32;100;13513420182;135134192.000;0;
ondas;tests/img_generadas/black.512x512.bmp;32;100;13592648806;135926480.000;0;
ondas;tests/img_generadas/black.512x512.bmp;32;100;13577379474;135773792.000;0;
ondas;tests/img_generadas/black.512x512.bmp;32;100;13504458182;135044576.000;0;
ondas;tests/img_generadas/black.512x512.bmp;32;100;13539666477;135396672.000;0;
ondas;tests/img_generadas/black.512x512.bmp;32;100;13551543105;135515440.000;0;
ondas;tests/img_generadas/black.512x512.bmp;32;100;13501979443;135019792.000;0;
ondas;tests/img_generadas/black.512x512.bmp;32;100;13516928609;135169296.000;0;
ondas;tests/img_generadas/black.512x512.bmp;32;100;13476899492;134768992.000;0;
ondas;tests/img_generadas/black.512x512.bmp;32;100;13544348701;135443488.000;0;
ondas;tests/img_generadas/black.512x512.bmp;32;100;13570249920;135702496.000;0;
ondas;tests/img_generadas/black.512x512.bmp;32;100;13459453992;134594544.000;0;
ondas;tests/img_generadas/black.512x512.bmp;32;100;13492761328;134927616.000;0;
ondas;tests/img_generadas/black.512x512.bmp;32;100;13472927273;134729280.000;0;
ondas;tests/img_generadas/black.512x512.bmp;32;100;13686391311;136863920.000;0;
ondas;tests/img_generadas/black.512x512.bmp;32;100;13503924599;135039248.000;0;
ondas;tests/img_generadas/black.512x512.bmp;32;100;13480628968;134806288.000;0;
ondas;tests/img_generadas/black.512x512.bmp;32;100;13459255589;134592560.000;0;
ondas;tests/img_generadas/black.512x512.bmp;32;100;13491268366;134912688.000;0;
ondas;tests/img_generadas/black.512x512.bmp;32;100;13491008179;134910080.000;0;
ondas;tests/img_generadas/black.512x512.bmp;32;100;13524404297;135244048.000;0;
ondas;tests/img_generadas/black.512x512.bmp;32;100;13473648838;134736480.000;0;
ondas;tests/img_generadas/black.512x512.bmp;32;100;13461427022;134614272.000;0;
ondas;tests/img_generadas/black.512x512.bmp;32;100;13462858819;134628592.000;0;
ondas;tests/img_generadas/black.512x512.bmp;32;100;13510539628;135105392.000;0;
ondas;tests/img_generadas/black.512x512.bmp;32;100;13472305721;134723056.000;0;
ondas;tests/img_generadas/black.512x512.bmp;32;100;13474847232;134748464.000;0;
ondas;tests/img_generadas/black.512x512.bmp;32;100;13470280920;134702800.000;0;
ondas;tests/img_generadas/black.512x512.bmp;32;100;13475690785;134756912.000;0;
ondas;tests/img_generadas/black.512x512.bmp;32;100;13500585625;135005856.000;0;
ondas;tests/img_generadas/black.512x512.bmp;32;100;13476289623;134762896.000;0;
ondas;tests/img_generadas/black.512x512.bmp;32;100;13474904738;134749056.000;0;
ondas;tests/img_generadas/black.512x512.bmp;32;100;13591924503;135919248.000;0;
ondas;tests/img_generadas/black.512x512.bmp;32;100;13454874956;134548752.000;0;
ondas;tests/img_generadas/black.512x512.bmp;32;100;13495546037;134955456.000;0;
ondas;tests/img_generadas/black.512x512.bmp;32;100;13549725099;135497248.000;0;
ondas;tests/img_generadas/black.512x512.bmp;32;100;13652325039;136523248.000;0;
ondas;tests/img_generadas/black.512x512.bmp;32;100;13498397097;134983968.000;0;
ondas;tests/img_generadas/black.512x512.bmp;32;100;13471378952;134713792.000;0;
ondas;tests/img_generadas/black.512x512.bmp;32;100;13467395779;134673968.000;0;
ondas;tests/img_generadas/black.512x512.bmp;32;100;13458543488;134585440.000;0;
ondas;tests/img_generadas/black.512x512.bmp;32;100;13467537907;134675376.000;0;
ondas;tests/img_generadas/black.512x512.bmp;32;100;13497080878;134970816.000;0;
ondas;tests/img_generadas/black.512x512.bmp;32;100;13452207358;134522064.000;0;
ondas;tests/img_generadas/black.512x512.bmp;32;100;13465085751;134650864.000;0;
ondas;tests/img_generadas/black.64x64.bmp;32;100;245345864;2453458.500;0;
ondas;tests/img_generadas/black.64x64.bmp;32;100;216091462;2160914.500;0;
ondas;tests/img_generadas/black.64x64.bmp;32;100;214301868;2143018.750;0;
ondas;tests/img_generadas/black.64x64.bmp;32;100;217132067;2171320.750;0;
ondas;tests/img_generadas/black.64x64.bmp;32;100;214735701;2147357.000;0;
ondas;tests/img_generadas/black.64x64.bmp;32;100;279942368;2799423.750;0;
ondas;tests/img_generadas/black.64x64.bmp;32;100;220855701;2208557.000;0;
ondas;tests/img_generadas/black.64x64.bmp;32;100;233986922;2339869.250;0;
ondas;tests/img_generadas/black.64x64.bmp;32;100;218008986;2180090.000;0;
ondas;tests/img_generadas/black.64x64.bmp;32;100;221231247;2212312.500;0;
ondas;tests/img_generadas/black.64x64.bmp;32;100;222106945;2221069.500;0;
ondas;tests/img_generadas/black.64x64.bmp;32;100;215057913;2150579.250;0;
ondas;tests/img_generadas/black.64x64.bmp;32;100;215416337;2154163.250;0;
ondas;tests/img_generadas/black.64x64.bmp;32;100;227513798;2275138.000;0;
ondas;tests/img_generadas/black.64x64.bmp;32;100;224653813;2246538.000;0;
ondas;tests/img_generadas/black.64x64.bmp;32;100;214332862;2143328.750;0;
ondas;tests/img_generadas/black.64x64.bmp;32;100;219585606;2195856.000;0;
ondas;tests/img_generadas/black.64x64.bmp;32;100;217880056;2178800.750;0;
ondas;tests/img_generadas/black.64x64.bmp;32;100;220195991;2201959.750;0;
ondas;tests/img_generadas/black.64x64.bmp;32;100;221307154;2213071.500;0;
ondas;tests/img_generadas/black.64x64.bmp;32;100;216836550;2168365.500;0;
ondas;tests/img_generadas/black.64x64.bmp;32;100;214008974;2140089.750;0;
ondas;tests/img_generadas/black.64x64.bmp;32;100;235129792;2351298.000;0;
ondas;tests/img_generadas/black.64x64.bmp;32;100;217179894;2171799.000;0;
ondas;tests/img_generadas/black.64x64.bmp;32;100;215994793;2159948.000;0;
ondas;tests/img_generadas/black.64x64.bmp;32;100;228172404;2281724.000;0;
ondas;tests/img_generadas/black.64x64.bmp;32;100;215393783;2153937.750;0;
ondas;tests/img_generadas/black.64x64.bmp;32;100;218679053;2186790.500;0;
ondas;tests/img_generadas/black.64x64.bmp;32;100;216592083;2165920.750;0;
ondas;tests/img_generadas/black.64x64.bmp;32;100;221118964;2211189.500;0;
ondas;tests/img_generadas/black.64x64.bmp;32;100;216202091;2162021.000;0;
ondas;tests/img_generadas/black.64x64.bmp;32;100;215974409;2159744.250;0;
ondas;tests/img_generadas/black.64x64.bmp;32;100;214446916;2144469.000;0;
ondas;tests/img_generadas/black.64x64.bmp;32;100;265171666;2651716.750;0;
ondas;tests/img_generadas/black.64x64.bmp;32;100;215009371;2150093.750;0;
ondas;tests/img_generadas/black.64x64.bmp;32;100;220864562;2208645.500;0;
ondas;tests/img_generadas/black.64x64.bmp;32;100;216075650;2160756.500;0;
ondas;tests/img_generadas/black.64x64.bmp;32;100;238018186;2380182.000;0;
ondas;tests/img_generadas/black.64x64.bmp;32;100;216139672;2161396.750;0;
ondas;tests/img_generadas/black.64x64.bmp;32;100;215630782;2156307.750;0;
ondas;tests/img_generadas/black.64x64.bmp;32;100;215112608;2151126.000;0;
ondas;tests/img_generadas/black.64x64.bmp;32;100;224435133;2244351.250;0;
ondas;tests/img_generadas/black.64x64.bmp;32;100;216625962;2166259.750;0;
ondas;tests/img_generadas/black.64x64.bmp;32;100;224960614;2249606.000;0;
ondas;tests/img_generadas/black.64x64.bmp;32;100;214793476;2147934.750;0;
ondas;tests/img_generadas/black.64x64.bmp;32;100;229614577;2296145.750;0;
ondas;tests/img_generadas/black.64x64.bmp;32;100;217272034;2172720.250;0;
ondas;tests/img_generadas/black.64x64.bmp;32;100;216430137;2164301.500;0;
ondas;tests/img_generadas/black.64x64.bmp;32;100;250004011;2500040.250;0;
ondas;tests/img_generadas/black.64x64.bmp;32;100;217374106;2173741.000;0;
ondas;tests/img_generadas/black.64x64.bmp;32;100;217329990;2173299.750;0;
ondas;tests/img_generadas/black.64x64.bmp;32;100;226718919;2267189.000;0;
ondas;tests/img_generadas/black.64x64.bmp;32;100;216582720;2165827.250;0;
ondas;tests/img_generadas/black.64x64.bmp;32;100;223219874;2232198.750;0;
ondas;tests/img_generadas/black.64x64.bmp;32;100;219134432;2191344.250;0;
ondas;tests/img_generadas/black.64x64.bmp;32;100;315242128;3152421.000;0;
ondas;tests/img_generadas/black.64x64.bmp;32;100;233275077;2332750.750;0;
ondas;tests/img_generadas/black.64x64.bmp;32;100;221508026;2215080.250;0;
ondas;tests/img_generadas/black.64x64.bmp;32;100;215215711;2152157.000;0;
ondas;tests/img_generadas/black.64x64.bmp;32;100;215381544;2153815.250;0;
ondas;tests/img_generadas/black.64x64.bmp;32;100;247024652;2470246.500;0;
ondas;tests/img_generadas/black.64x64.bmp;32;100;216682664;2166826.500;0;
ondas;tests/img_generadas/black.64x64.bmp;32;100;323287426;3232874.250;0;
ondas;tests/img_generadas/black.64x64.bmp;32;100;234690404;2346904.000;0;
ondas;tests/img_generadas/black.64x64.bmp;32;100;221027254;2210272.500;0;
ondas;tests/img_generadas/black.64x64.bmp;32;100;218372126;2183721.250;0;
ondas;tests/img_generadas/black.64x64.bmp;32;100;216967233;2169672.250;0;
ondas;tests/img_generadas/black.64x64.bmp;32;100;216160384;2161603.750;0;
ondas;tests/img_generadas/black.64x64.bmp;32;100;222074914;2220749.000;0;
ondas;tests/img_generadas/black.64x64.bmp;32;100;217828180;2178281.750;0;
ondas;tests/img_generadas/black.64x64.bmp;32;100;215182467;2151824.750;0;
ondas;tests/img_generadas/black.64x64.bmp;32;100;338582508;3385825.000;0;
ondas;tests/img_generadas/black.64x64.bmp;32;100;227873185;2278731.750;0;
ondas;tests/img_generadas/black.64x64.bmp;32;100;219753790;2197538.000;0;
ondas;tests/img_generadas/black.64x64.bmp;32;100;214964944;2149649.500;0;
ondas;tests/img_generadas/black.64x64.bmp;32;100;216399238;2163992.250;0;
ondas;tests/img_generadas/black.64x64.bmp;32;100;213257577;2132575.750;0;
ondas;tests/img_generadas/black.64x64.bmp;32;100;213416884;2134168.750;0;
ondas;tests/img_generadas/black.64x64.bmp;32;100;234194961;2341949.500;0;
ondas;tests/img_generadas/black.64x64.bmp;32;100;216192767;2161927.750;0;
ondas;tests/img_generadas/black.64x64.bmp;32;100;234925972;2349259.750;0;
ondas;tests/img_generadas/black.64x64.bmp;32;100;222660256;2226602.500;0;
ondas;tests/img_generadas/black.64x64.bmp;32;100;217116623;2171166.250;0;
ondas;tests/img_generadas/black.64x64.bmp;32;100;216858365;2168583.750;0;
ondas;tests/img_generadas/black.64x64.bmp;32;100;217044683;2170447.000;0;
ondas;tests/img_generadas/black.64x64.bmp;32;100;220396690;2203967.000;0;
ondas;tests/img_generadas/black.64x64.bmp;32;100;217853752;2178537.500;0;
ondas;tests/img_generadas/black.64x64.bmp;32;100;213887732;2138877.250;0;
ondas;tests/img_generadas/black.64x64.bmp;32;100;214478667;2144786.750;0;
ondas;tests/img_generadas/black.64x64.bmp;32;100;229300468;2293004.750;0;
ondas;tests/img_generadas/black.64x64.bmp;32;100;213254100;2132541.000;0;
ondas;tests/img_generadas/black.64x64.bmp;32;100;218494165;2184941.500;0;
ondas;tests/img_generadas/black.64x64.bmp;32;100;217151169;2171511.750;0;
ondas;tests/img_generadas/black.64x64.bmp;32;100;212807959;2128079.500;0;
ondas;tests/img_generadas/black.64x64.bmp;32;100;224430186;2244302.000;0;
ondas;tests/img_generadas/black.64x64.bmp;32;100;214340345;2143403.500;0;
ondas;tests/img_generadas/black.64x64.bmp;32;100;230332179;2303321.750;0;
ondas;tests/img_generadas/black.64x64.bmp;32;100;218762035;2187620.250;0;
ondas;tests/img_generadas/black.64x64.bmp;32;100;220752105;2207521.000;0;
ondas;tests/img_generadas/black.64x64.bmp;32;100;217862302;2178623.000;0;
ondas;tests/img_generadas/lena.1024x1024.bmp;32;100;54279832255;542798336.000;0;
ondas;tests/img_generadas/lena.1024x1024.bmp;32;100;56670266473;566702656.000;0;
ondas;tests/img_generadas/lena.1024x1024.bmp;32;100;56670266473;566702656.000;0;
ondas;tests/img_generadas/lena.1024x1024.bmp;32;100;56670266473;566702656.000;0;
ondas;tests/img_generadas/lena.1024x1024.bmp;32;100;56670266473;566702656.000;0;
ondas;tests/img_generadas/lena.1024x1024.bmp;32;100;56670266473;566702656.000;0;
ondas;tests/img_generadas/lena.1024x1024.bmp;32;100;56670266473;566702656.000;0;
ondas;tests/img_generadas/lena.1024x1024.bmp;32;100;56670266473;566702656.000;0;
ondas;tests/img_generadas/lena.1024x1024.bmp;32;100;56670266473;566702656.000;0;
ondas;tests/img_generadas/lena.1024x1024.bmp;32;100;56670266473;566702656.000;0;
ondas;tests/img_generadas/lena.1024x1024.bmp;32;100;56670266473;566702656.000;0;
ondas;tests/img_generadas/lena.1024x1024.bmp;32;100;56670266473;566702656.000;0;
ondas;tests/img_generadas/lena.1024x1024.bmp;32;100;56670266473;566702656.000;0;
ondas;tests/img_generadas/lena.1024x1024.bmp;32;100;56670266473;566702656.000;0;
ondas;tests/img_generadas/lena.1024x1024.bmp;32;100;56670266473;566702656.000;0;
ondas;tests/img_generadas/lena.1024x1024.bmp;32;100;56670266473;566702656.000;0;
ondas;tests/img_generadas/lena.1024x1024.bmp;32;100;56670266473;566702656.000;0;
ondas;tests/img_generadas/lena.1024x1024.bmp;32;100;56670266473;566702656.000;0;
ondas;tests/img_generadas/lena.1024x1024.bmp;32;100;56670266473;566702656.000;0;
ondas;tests/img_generadas/lena.1024x1024.bmp;32;100;56670266473;566702656.000;0;
ondas;tests/img_generadas/lena.1024x1024.bmp;32;100;56670266473;566702656.000;0;
ondas;tests/img_generadas/lena.1024x1024.bmp;32;100;56670266473;566702656.000;0;
ondas;tests/img_generadas/lena.1024x1024.bmp;32;100;56670266473;566702656.000;0;
ondas;tests/img_generadas/lena.1024x1024.bmp;32;100;56670266473;566702656.000;0;
ondas;tests/img_generadas/lena.1024x1024.bmp;32;100;56670266473;566702656.000;0;
ondas;tests/img_generadas/lena.1024x1024.bmp;32;100;56670266473;566702656.000;0;
ondas;tests/img_generadas/lena.1024x1024.bmp;32;100;56670266473;566702656.000;0;
ondas;tests/img_generadas/lena.1024x1024.bmp;32;100;56670266473;566702656.000;0;
ondas;tests/img_generadas/lena.1024x1024.bmp;32;100;56670266473;566702656.000;0;
ondas;tests/img_generadas/lena.1024x1024.bmp;32;100;56670266473;566702656.000;0;
ondas;tests/img_generadas/lena.1024x1024.bmp;32;100;56670266473;566702656.000;0;
ondas;tests/img_generadas/lena.1024x1024.bmp;32;100;56670266473;566702656.000;0;
ondas;tests/img_generadas/lena.1024x1024.bmp;32;100;56670266473;566702656.000;0;
ondas;tests/img_generadas/lena.1024x1024.bmp;32;100;56670266473;566702656.000;0;
ondas;tests/img_generadas/lena.1024x1024.bmp;32;100;56670266473;566702656.000;0;
ondas;tests/img_generadas/lena.1024x1024.bmp;32;100;56670266473;566702656.000;0;
ondas;tests/img_generadas/lena.1024x1024.bmp;32;100;56670266473;566702656.000;0;
ondas;tests/img_generadas/lena.1024x1024.bmp;32;100;56670266473;566702656.000;0;
ondas;tests/img_generadas/lena.1024x1024.bmp;32;100;56670266473;566702656.000;0;
ondas;tests/img_generadas/lena.1024x1024.bmp;32;100;56670266473;566702656.000;0;
ondas;tests/img_generadas/lena.1024x1024.bmp;32;100;56670266473;566702656.000;0;
ondas;tests/img_generadas/lena.1024x1024.bmp;32;100;56670266473;566702656.000;0;
ondas;tests/img_generadas/lena.1024x1024.bmp;32;100;56670266473;566702656.000;0;
ondas;tests/img_generadas/lena.1024x1024.bmp;32;100;56670266473;566702656.000;0;
ondas;tests/img_generadas/lena.1024x1024.bmp;32;100;56670266473;566702656.000;0;
ondas;tests/img_generadas/lena.1024x1024.bmp;32;100;56670266473;566702656.000;0;
ondas;tests/img_generadas/lena.1024x1024.bmp;32;100;56670266473;566702656.000;0;
ondas;tests/img_generadas/lena.1024x1024.bmp;32;100;56670266473;566702656.000;0;
ondas;tests/img_generadas/lena.1024x1024.bmp;32;100;56670266473;566702656.000;0;
ondas;tests/img_generadas/lena.1024x1024.bmp;32;100;56670266473;566702656.000;0;
ondas;tests/img_generadas/lena.1024x1024.bmp;32;100;56670266473;566702656.000;0;
ondas;tests/img_generadas/lena.1024x1024.bmp;32;100;56670266473;566702656.000;0;
ondas;tests/img_generadas/lena.1024x1024.bmp;32;100;56670266473;566702656.000;0;
ondas;tests/img_generadas/lena.1024x1024.bmp;32;100;56670266473;566702656.000;0;
ondas;tests/img_generadas/lena.1024x1024.bmp;32;100;56670266473;566702656.000;0;
ondas;tests/img_generadas/lena.1024x1024.bmp;32;100;56670266473;566702656.000;0;
ondas;tests/img_generadas/lena.1024x1024.bmp;32;100;56670266473;566702656.000;0;
ondas;tests/img_generadas/lena.1024x1024.bmp;32;100;56670266473;566702656.000;0;
ondas;tests/img_generadas/lena.1024x1024.bmp;32;100;56670266473;566702656.000;0;
ondas;tests/img_generadas/lena.1024x1024.bmp;32;100;56670266473;566702656.000;0;
ondas;tests/img_generadas/lena.1024x1024.bmp;32;100;56670266473;566702656.000;0;
ondas;tests/img_generadas/lena.1024x1024.bmp;32;100;56670266473;566702656.000;0;
ondas;tests/img_generadas/lena.1024x1024.bmp;32;100;56670266473;566702656.000;0;
ondas;tests/img_generadas/lena.1024x1024.bmp;32;100;56670266473;566702656.000;0;
ondas;tests/img_generadas/lena.1024x1024.bmp;32;100;56670266473;566702656.000;0;
ondas;tests/img_generadas/lena.1024x1024.bmp;32;100;56670266473;566702656.000;0;
ondas;tests/img_generadas/lena.1024x1024.bmp;32;100;56670266473;566702656.000;0;
ondas;tests/img_generadas/lena.1024x1024.bmp;32;100;56670266473;566702656.000;0;
ondas;tests/img_generadas/lena.1024x1024.bmp;32;100;56670266473;566702656.000;0;
ondas;tests/img_generadas/lena.1024x1024.bmp;32;100;56670266473;566702656.000;0;
ondas;tests/img_generadas/lena.1024x1024.bmp;32;100;56670266473;566702656.000;0;
ondas;tests/img_generadas/lena.1024x1024.bmp;32;100;56670266473;566702656.000;0;
ondas;tests/img_generadas/lena.1024x1024.bmp;32;100;56670266473;566702656.000;0;
ondas;tests/img_generadas/lena.1024x1024.bmp;32;100;56670266473;566702656.000;0;
ondas;tests/img_generadas/lena.1024x1024.bmp;32;100;56670266473;566702656.000;0;
ondas;tests/img_generadas/lena.1024x1024.bmp;32;100;56670266473;566702656.000;0;
ondas;tests/img_generadas/lena.1024x1024.bmp;32;100;56670266473;566702656.000;0;
ondas;tests/img_generadas/lena.1024x1024.bmp;32;100;56670266473;566702656.000;0;
ondas;tests/img_generadas/lena.1024x1024.bmp;32;100;56670266473;566702656.000;0;
ondas;tests/img_generadas/lena.1024x1024.bmp;32;100;56670266473;566702656.000;0;
ondas;tests/img_generadas/lena.1024x1024.bmp;32;100;56670266473;566702656.000;0;
ondas;tests/img_generadas/lena.1024x1024.bmp;32;100;56670266473;566702656.000;0;
ondas;tests/img_generadas/lena.1024x1024.bmp;32;100;56670266473;566702656.000;0;
ondas;tests/img_generadas/lena.1024x1024.bmp;32;100;56670266473;566702656.000;0;
ondas;tests/img_generadas/lena.1024x1024.bmp;32;100;56670266473;566702656.000;0;
ondas;tests/img_generadas/lena.1024x1024.bmp;32;100;56670266473;566702656.000;0;
ondas;tests/img_generadas/lena.1024x1024.bmp;32;100;56670266473;566702656.000;0;
ondas;tests/img_generadas/lena.1024x1024.bmp;32;100;56670266473;566702656.000;0;
ondas;tests/img_generadas/lena.1024x1024.bmp;32;100;56670266473;566702656.000;0;
ondas;tests/img_generadas/lena.1024x1024.bmp;32;100;56670266473;566702656.000;0;
ondas;tests/img_generadas/lena.1024x1024.bmp;32;100;56670266473;566702656.000;0;
ondas;tests/img_generadas/lena.1024x1024.bmp;32;100;56670266473;566702656.000;0;
ondas;tests/img_generadas/lena.1024x1024.bmp;32;100;56670266473;566702656.000;0;
ondas;tests/img_generadas/lena.1024x1024.bmp;32;100;56670266473;566702656.000;0;
ondas;tests/img_generadas/lena.1024x1024.bmp;32;100;56670266473;566702656.000;0;
ondas;tests/img_generadas/lena.1024x1024.bmp;32;100;56670266473;566702656.000;0;
ondas;tests/img_generadas/lena.1024x1024.bmp;32;100;56670266473;566702656.000;0;
ondas;tests/img_generadas/lena.1024x1024.bmp;32;100;56670266473;566702656.000;0;
ondas;tests/img_generadas/lena.1024x1024.bmp;32;100;56670266473;566702656.000;0;
ondas;tests/img_generadas/lena.1024x1024.bmp;32;100;56670266473;566702656.000;0;
